OrganisationURI,SiteReference,SiteNameAddress,SiteplanURL,GeoY,GeoX,Hectares,OwnershipStatus,PlanningStatus,PermissionType,PermissionDate,PlanningHistory,Deliverable,NetDwellingsRangeFrom,NetDwellingsRangeTo,HazardousSubstances,Notes,FirstAddedDate,LastUpdatedDate,EndDate
,,,,,,,,,,,,,,,,,,,
http://opendatacommunities.org/id/metropolitan-district-council/manchester,140790/NMC/2024,Arundel Street,https://experience.arcgis.com/experience/a04a4638528147cfa12780e245ffdd21/,53.47272318,-2.260185813,0.350073,unknown ownership,Planning Permission,Other,12/08/2022,http://pa.manchester.gov.uk/online-applications/,Yes,366,,,Non material change,2018,30/11/2025,01/12/2026
http://opendatacommunities.org/id/metropolitan-district-council/manchester,128698/FO/2020,"Vacant Land Bounded By Stockport Road, Swallow Street, Siddall Street And Pennington Street",https://experience.arcgis.com/experience/a04a4638528147cfa12780e245ffdd21/,53.44956125,-2.192918545,0.172786,unknown ownership,Planning Permission,Full planning permission,04/02/2022,http://pa.manchester.gov.uk/online-applications/,Yes,39,,,,2019,30/11/2025,01/12/2026
http://opendatacommunities.org/id/metropolitan-district-council/manchester,140735/FO/2024,137 Oxford Road (STUDENT),https://experience.arcgis.com/experience/a04a4638528147cfa12780e245ffdd21/,53.47041634,-2.236911316,0.019621,unknown ownership,Planning Permission,Full planning permission,13/12/2024,http://pa.manchester.gov.uk/online-applications/,Yes,20,,,,2018,30/11/2025,01/12/2026
http://opendatacommunities.org/id/metropolitan-district-council/manchester,132832/FO/2022,"Upper floors, 5 - 7 Wilbraham Road",https://experience.arcgis.com/experience/a04a4638528147cfa12780e245ffdd21/,53.44245017,-2.219548494,0.121326,unknown ownership,Planning Permission,Full planning permission,13/07/2022,http://pa.manchester.gov.uk/online-applications/,Yes,7,,,,2023,30/11/2025,01/12/2026
http://opendatacommunities.org/id/metropolitan-district-council/manchester,139693/FO/2024,Abbey Hey Clinic Constable Street,https://experience.arcgis.com/experience/a04a4638528147cfa12780e245ffdd21/,53.46681568,-2.165205273,0.099516,unknown ownership,Planning Permission,Full planning permission,27/09/2024,http://pa.manchester.gov.uk/online-applications/,Yes,6,,,,2023,30/11/2025,01/12/2026
http://opendatacommunities.org/id/metropolitan-district-council/manchester,134233/FO/2022,Alexandra Nursing Home 355 - 357 Wilbraham Road,https://experience.arcgis.com/experience/a04a4638528147cfa12780e245ffdd21/,53.44311168,-2.253306077,0.172094,unknown ownership,Planning Permission,Full planning permission,06/09/2022,http://pa.manchester.gov.uk/online-applications/,Yes,10,,,,2023,30/11/2025,01/12/2026
http://opendatacommunities.org/id/metropolitan-district-council/manchester,133721/FO/2022,"Brendon Avenue, Moston",https://experience.arcgis.com/experience/a04a4638528147cfa12780e245ffdd21/,53.50927929,-2.193506086,0.107381,unknown ownership,Planning Permission,Full planning permission,07/10/2022,http://pa.manchester.gov.uk/online-applications/,Yes,6,,,,2023,30/11/2025,01/12/2026
http://opendatacommunities.org/id/metropolitan-district-council/manchester,134738/FO/2022,2 Swallow Street,https://experience.arcgis.com/experience/a04a4638528147cfa12780e245ffdd21/,53.44987518,-2.193326524,0.029976,unknown ownership,Planning Permission,Full planning permission,17/11/2022,http://pa.manchester.gov.uk/online-applications/,Yes,14,,,,2023,30/11/2025,01/12/2026
http://opendatacommunities.org/id/metropolitan-district-council/manchester,132626/FO/2022,M1 Piccadilly (48 Store Street),https://experience.arcgis.com/experience/a04a4638528147cfa12780e245ffdd21/,53.47920649,-2.227693246,0.067115,unknown ownership,Planning Permission,Full planning permission,21/12/2022,http://pa.manchester.gov.uk/online-applications/,Yes,54,,,,2022,30/11/2025,01/12/2026
http://opendatacommunities.org/id/metropolitan-district-council/manchester,132214/FO/2021,"Ferrous, Longacre Street",https://experience.arcgis.com/experience/a04a4638528147cfa12780e245ffdd21/,53.47906932,-2.224181794,0.155672,unknown ownership,Planning Permission,Full planning permission,01/12/2022,http://pa.manchester.gov.uk/online-applications/,Yes,107,,,,2021,30/11/2025,01/12/2026
http://opendatacommunities.org/id/metropolitan-district-council/manchester,134705/FO/2022,247 Upper Brook Street,https://experience.arcgis.com/experience/a04a4638528147cfa12780e245ffdd21/,53.46166233,-2.222463873,0.03581,unknown ownership,Planning Permission,Full planning permission,20/02/2023,http://pa.manchester.gov.uk/online-applications/,Yes,5,,,,2023,30/11/2025,01/12/2026
http://opendatacommunities.org/id/metropolitan-district-council/manchester,134694/FO/2022,Bridgewater House Great Jackson Street,https://experience.arcgis.com/experience/a04a4638528147cfa12780e245ffdd21/,53.47253749,-2.254550015,0.213445,unknown ownership,Planning Permission,Full planning permission,06/02/2023,http://pa.manchester.gov.uk/online-applications/,,53,,,,2023,30/11/2025,01/12/2026
http://opendatacommunities.org/id/metropolitan-district-council/manchester,132088/FO/2021,"Land To The North Of Renaissance Hotel, Blackfriars Street",https://experience.arcgis.com/experience/a04a4638528147cfa12780e245ffdd21/,53.4843654,-2.246060248,0.217787,unknown ownership,Planning Permission,Full planning permission,28/02/2023,http://pa.manchester.gov.uk/online-applications/,,300,,,,2017,30/11/2025,01/12/2026
http://opendatacommunities.org/id/metropolitan-district-council/manchester,128864/OO/2020,Land Opposite 83-87 Vine Street,https://experience.arcgis.com/experience/a04a4638528147cfa12780e245ffdd21/,53.46926322,-2.16325647,0.777023,unknown ownership,Planning Permission,Outline planning permission,10/03/2023,http://pa.manchester.gov.uk/online-applications/,Yes,25,,,,2021,30/11/2025,01/12/2026
http://opendatacommunities.org/id/metropolitan-district-council/manchester,133654/FO/2022,St George's Rectory,https://experience.arcgis.com/experience/a04a4638528147cfa12780e245ffdd21/,53.46571404,-2.162354099,0.125098,unknown ownership,Planning Permission,Full planning permission,14/09/2022,http://pa.manchester.gov.uk/online-applications/,Yes,7,,,,2018,30/11/2025,01/12/2026
http://opendatacommunities.org/id/metropolitan-district-council/manchester,136026/FO/2023,342 Slade Lane M19 2BX,https://experience.arcgis.com/experience/a04a4638528147cfa12780e245ffdd21/,53.44237708,-2.199826191,0.070039,unknown ownership,Planning Permission,Full planning permission,30/06/2023,http://pa.manchester.gov.uk/online-applications/,Yes,5,,,,2024,30/11/2025,01/12/2026
http://opendatacommunities.org/id/metropolitan-district-council/manchester,135496/FO/2022,185 Burnage Lane M19 1FE,https://experience.arcgis.com/experience/a04a4638528147cfa12780e245ffdd21/,53.43328906,-2.200189862,0.015035,unknown ownership,Planning Permission,Full planning permission,16/05/2023,http://pa.manchester.gov.uk/online-applications/,Yes,5,,,,2024,30/11/2025,01/12/2026
http://opendatacommunities.org/id/metropolitan-district-council/manchester,134949/FO/2022,"Albion Inn, 576 Burnage Lane M19 1NA",https://experience.arcgis.com/experience/a04a4638528147cfa12780e245ffdd21/,53.42291167,-2.208116435,0.142426,unknown ownership,Planning Permission,Full planning permission,09/06/2023,http://pa.manchester.gov.uk/online-applications/,,10,,,,2022,30/11/2025,01/12/2026
http://opendatacommunities.org/id/metropolitan-district-council/manchester,133700/FO/2022(2),"Phase 2 Jacksons Brickworks, Briscoe Lane",https://experience.arcgis.com/experience/a04a4638528147cfa12780e245ffdd21/,53.5000153,-2.185941648,5.807075,unknown ownership,Planning Permission,Full planning permission,05/05/2023,http://pa.manchester.gov.uk/online-applications/,,338,,,,2017,30/11/2025,01/12/2026
http://opendatacommunities.org/id/metropolitan-district-council/manchester,133700/FO/2022(1),"Phase 1 Jacksons Brickworks, Briscoe Lane",https://experience.arcgis.com/experience/a04a4638528147cfa12780e245ffdd21/,53.49855073,-2.191271567,8.262928,unknown ownership,Planning Permission,Full planning permission,05/05/2023,http://pa.manchester.gov.uk/online-applications/,,378,,,,2017,30/11/2025,01/12/2026
http://opendatacommunities.org/id/metropolitan-district-council/manchester,127506/FO/2020,Elm Grange 559-561 Wilmslow Road M20 4GJ,https://experience.arcgis.com/experience/a04a4638528147cfa12780e245ffdd21/,53.42853818,-2.227603774,0.177847,unknown ownership,Planning Permission,Full planning permission,12/05/2023,http://pa.manchester.gov.uk/online-applications/,Yes,6,,,,2024,30/11/2025,01/12/2026
http://opendatacommunities.org/id/metropolitan-district-council/manchester,137273/FO/2023,79-85 Hathersage Road M13 0EW,https://experience.arcgis.com/experience/a04a4638528147cfa12780e245ffdd21/,53.45907021,-2.219453341,0.165565,unknown ownership,Planning Permission,Full planning permission,08/08/2023,http://pa.manchester.gov.uk/online-applications/,Yes,7,,,,2024,30/11/2025,01/12/2026
http://opendatacommunities.org/id/metropolitan-district-council/manchester,135858/FO/2022,"Floors 1-4, 36 Charlotte Street, M1 4FD",https://experience.arcgis.com/experience/a04a4638528147cfa12780e245ffdd21/,53.47856467,-2.238809505,0.032051,unknown ownership,Planning Permission,Full planning permission,18/08/2023,http://pa.manchester.gov.uk/online-applications/,,14,,,,2023,30/11/2025,01/12/2026
http://opendatacommunities.org/id/metropolitan-district-council/manchester,129127/FO/2021,Phoenix House (aka Pheonix Works / Manchester Gardens) 17 Ellesmere Street M15 4JY,https://experience.arcgis.com/experience/a04a4638528147cfa12780e245ffdd21/,53.47139785,-2.262045902,0.318572,unknown ownership,Planning Permission,Full planning permission,24/08/2023,http://pa.manchester.gov.uk/online-applications/,Yes,237,,,,2019,30/11/2025,01/12/2026
http://opendatacommunities.org/id/metropolitan-district-council/manchester,137461/FO/2023,Land To The Rear Of Dalton Avenue M14 7NR,https://experience.arcgis.com/experience/a04a4638528147cfa12780e245ffdd21/,53.44977884,-2.236887416,0.050199,unknown ownership,Planning Permission,Full planning permission,31/08/2023,http://pa.manchester.gov.uk/online-applications/,Yes,8,,,,2024,30/11/2025,01/12/2026
http://opendatacommunities.org/id/metropolitan-district-council/manchester,136417/FO/2023,St Margarets Chambers 5 Newton Street M1 1HL,https://experience.arcgis.com/experience/a04a4638528147cfa12780e245ffdd21/,53.48102723,-2.234378172,0.036764,unknown ownership,Planning Permission,Full planning permission,11/09/2023,http://pa.manchester.gov.uk/online-applications/,Yes,12,,,,2023,30/11/2025,01/12/2026
http://opendatacommunities.org/id/metropolitan-district-council/manchester,132747/FO/2022,202 Hollyhedge Road M22 4QN,https://experience.arcgis.com/experience/a04a4638528147cfa12780e245ffdd21/,53.38793792,-2.25412142,0.016278,unknown ownership,Planning Permission,Full planning permission,23/10/2023,http://pa.manchester.gov.uk/online-applications/,Yes,5,,,,2021,30/11/2025,01/12/2026
http://opendatacommunities.org/id/metropolitan-district-council/manchester,139745/FO/2024,9 Justin Close M13 9WX,https://experience.arcgis.com/experience/a04a4638528147cfa12780e245ffdd21/,53.47112659,-2.232184812,0.079217,unknown ownership,Planning Permission,Full planning permission,23/07/2024,http://pa.manchester.gov.uk/online-applications/,Yes,8,,,,2024,30/11/2025,01/12/2026
http://opendatacommunities.org/id/metropolitan-district-council/manchester,133746/FO/2022,Land Junction Of Parrs Wood Lane (Blackbird Yard),https://experience.arcgis.com/experience/a04a4638528147cfa12780e245ffdd21/,53.41100697,-2.220123562,0.257304,unknown ownership,Planning Permission,Full planning permission,14/06/2023,http://pa.manchester.gov.uk/online-applications/,Yes,75,,,,2023,30/11/2025,01/12/2026
http://opendatacommunities.org/id/metropolitan-district-council/manchester,126780/FO/2020,"Junction Hotel Rolls Crescent, M15 5FT",https://experience.arcgis.com/experience/a04a4638528147cfa12780e245ffdd21/,53.46550227,-2.248995047,0.122712,unknown ownership,Planning Permission,Full planning permission,11/12/2023,http://pa.manchester.gov.uk/online-applications/,Yes,28,,,,2020,30/11/2025,01/12/2026
http://opendatacommunities.org/id/metropolitan-district-council/manchester,128248/FO/2020,"Former Gas Works, Gould Street - New Town (Victoria North)",https://experience.arcgis.com/experience/a04a4638528147cfa12780e245ffdd21/,53.48975844,-2.232587487,3.083265,unknown ownership,Planning Permission,Full planning permission,12/12/2023,http://pa.manchester.gov.uk/online-applications/,,1202,,,,2017,30/11/2025,01/12/2026
http://opendatacommunities.org/id/metropolitan-district-council/manchester,138619/FO/2023,398 Wilbraham Road M21 0UH,https://experience.arcgis.com/experience/a04a4638528147cfa12780e245ffdd21/,53.44285067,-2.269925605,0.052979,unknown ownership,Planning Permission,Full planning permission,01/02/2024,http://pa.manchester.gov.uk/online-applications/,Yes,8,,,,2024,30/11/2025,01/12/2026
http://opendatacommunities.org/id/metropolitan-district-council/manchester,138316/FO/2023,"Community Nurses Centre, Beech Mount, M9 5XS",https://experience.arcgis.com/experience/a04a4638528147cfa12780e245ffdd21/,53.51088345,-2.217141763,0.081358,unknown ownership,Planning Permission,Full planning permission,22/12/2023,http://pa.manchester.gov.uk/online-applications/,Yes,11,,,,2020,30/11/2025,01/12/2026
http://opendatacommunities.org/id/metropolitan-district-council/manchester,138358/FO/2023,7 Chapel Street Levenshulme M19 3QB,https://experience.arcgis.com/experience/a04a4638528147cfa12780e245ffdd21/,53.4445687,-2.189794398,0.178831,unknown ownership,Planning Permission,Full planning permission,19/01/2024,http://pa.manchester.gov.uk/online-applications/,Yes,8,,,,2024,30/11/2025,01/12/2026
http://opendatacommunities.org/id/metropolitan-district-council/manchester,138302/FO/2023,1 Park Place Manchester M4 4EZ,https://experience.arcgis.com/experience/a04a4638528147cfa12780e245ffdd21/,53.49041406,-2.241890153,0.097639,unknown ownership,Planning Permission,Full planning permission,22/02/2024,http://pa.manchester.gov.uk/online-applications/,Yes,154,,,,2024,30/11/2025,01/12/2026
http://opendatacommunities.org/id/metropolitan-district-council/manchester,137362/P3MAP/2023,"First Floor, Hatro House, 397 - 401 Palatine Road, M22 4JS",https://experience.arcgis.com/experience/a04a4638528147cfa12780e245ffdd21/,53.40697357,-2.259244473,0.062912,unknown ownership,Planning Permission,Other,21/02/2024,http://pa.manchester.gov.uk/online-applications/,Yes,6,,,Prior approval,2024,30/11/2025,01/12/2026
http://opendatacommunities.org/id/metropolitan-district-council/manchester,135857/FO/2022,"Land Bounded By Ardwick Green North, Cotter Street & Niven Street M12 6EY",https://experience.arcgis.com/experience/a04a4638528147cfa12780e245ffdd21/,53.47219306,-2.224341569,0.147815,unknown ownership,Planning Permission,Full planning permission,27/03/2024,http://pa.manchester.gov.uk/online-applications/,Yes,16,,,,2021,30/11/2025,01/12/2026
http://opendatacommunities.org/id/metropolitan-district-council/manchester,137938/FO/2023,283 Mauldeth Road M19 1HL,https://experience.arcgis.com/experience/a04a4638528147cfa12780e245ffdd21/,53.43279333,-2.201000306,0.087394,unknown ownership,Planning Permission,Full planning permission,13/03/2024,http://pa.manchester.gov.uk/online-applications/,Yes,9,,,,2024,30/11/2025,01/12/2026
http://opendatacommunities.org/id/metropolitan-district-council/manchester,138294/FO/2023,1-5  Plymouth Grove (STUDENT),https://experience.arcgis.com/experience/a04a4638528147cfa12780e245ffdd21/,53.4653682,-2.225842146,0.1717,unknown ownership,Planning Permission,Full planning permission,26/04/2024,http://pa.manchester.gov.uk/online-applications/,Yes,235,,,,2017,30/11/2025,01/12/2026
http://opendatacommunities.org/id/metropolitan-district-council/manchester,139834/P3MA/2024,103 - 105 Cheetham Hill Road,https://experience.arcgis.com/experience/a04a4638528147cfa12780e245ffdd21/,53.49339243,-2.240309381,0.060466,unknown ownership,Planning Permission,Other,28/05/2024,http://pa.manchester.gov.uk/online-applications/,Yes,7,,,Prior approval,2025,30/11/2025,01/12/2026
http://opendatacommunities.org/id/metropolitan-district-council/manchester,132769/FO/2022,Southern House Mauldeth Road West,https://experience.arcgis.com/experience/a04a4638528147cfa12780e245ffdd21/,53.43469249,-2.264319762,0.216407,unknown ownership,Planning Permission,Full planning permission,12/04/2024,http://pa.manchester.gov.uk/online-applications/,Yes,14,,,,2025,30/11/2025,01/12/2026
http://opendatacommunities.org/id/metropolitan-district-council/manchester,139591/P3MA/2024,First Floor Barlow House 708 - 716 Wilmslow Road,https://experience.arcgis.com/experience/a04a4638528147cfa12780e245ffdd21/,53.41739299,-2.231832472,0.028462,unknown ownership,Planning Permission,Other,16/05/2024,http://pa.manchester.gov.uk/online-applications/,Yes,6,,,Prior approval,2025,30/11/2025,01/12/2026
http://opendatacommunities.org/id/metropolitan-district-council/manchester,139648/FO/2024,Land Adjacent To 32 Clevedon Street,https://experience.arcgis.com/experience/a04a4638528147cfa12780e245ffdd21/,53.5081841,-2.208654236,0.051626,unknown ownership,Planning Permission,Full planning permission,03/06/2024,http://pa.manchester.gov.uk/online-applications/,Yes,7,,,,2025,30/11/2025,01/12/2026
http://opendatacommunities.org/id/metropolitan-district-council/manchester,130387/FO/2021,"Gamecock, Boundary Lane (STUDENT)",https://experience.arcgis.com/experience/a04a4638528147cfa12780e245ffdd21/,53.46675137,-2.240325564,0.080578,unknown ownership,Planning Permission,Full planning permission,13/06/2024,http://pa.manchester.gov.uk/online-applications/,Yes,105,,,,2017,30/11/2025,01/12/2026
http://opendatacommunities.org/id/metropolitan-district-council/manchester,139463/FO/2024,1 St Georges Road,https://experience.arcgis.com/experience/a04a4638528147cfa12780e245ffdd21/,53.43490439,-2.212058623,0.035737,unknown ownership,Planning Permission,Full planning permission,07/06/2024,http://pa.manchester.gov.uk/online-applications/,Yes,6,,,,2025,30/11/2025,01/12/2026
http://opendatacommunities.org/id/metropolitan-district-council/manchester,137242/FO/2023,9 Dolphin Street,https://experience.arcgis.com/experience/a04a4638528147cfa12780e245ffdd21/,53.47076088,-2.221155431,0.083197,unknown ownership,Planning Permission,Full planning permission,28/08/2024,http://pa.manchester.gov.uk/online-applications/,Yes,6,,,,2025,30/11/2025,01/12/2026
http://opendatacommunities.org/id/metropolitan-district-council/manchester,139537/FO/2024,"Nursery, Greenbrow Road",https://experience.arcgis.com/experience/a04a4638528147cfa12780e245ffdd21/,53.37939814,-2.286118946,0.147817,unknown ownership,Planning Permission,Full planning permission,26/07/2024,http://pa.manchester.gov.uk/online-applications/,Yes,20,,,,2024,30/11/2025,01/12/2026
http://opendatacommunities.org/id/metropolitan-district-council/manchester,139628/FO/2024,Land Adjacent To 1133 Rochdale Road,https://experience.arcgis.com/experience/a04a4638528147cfa12780e245ffdd21/,53.52337956,-2.215953948,0.022227,unknown ownership,Planning Permission,Full planning permission,07/08/2024,http://pa.manchester.gov.uk/online-applications/,Yes,5,,,,2025,30/11/2025,01/12/2026
http://opendatacommunities.org/id/metropolitan-district-council/manchester,140269/P3MAP/2024,7-11 Bury New Road,https://experience.arcgis.com/experience/a04a4638528147cfa12780e245ffdd21/,53.49261842,-2.24955944,0.038476,unknown ownership,Planning Permission,Other,19/07/2024,http://pa.manchester.gov.uk/online-applications/,Yes,6,,,Prior approval,2025,30/11/2025,01/12/2026
http://opendatacommunities.org/id/metropolitan-district-council/manchester,140033/FO/2024,579 - 581 Barlow Moor Road,https://experience.arcgis.com/experience/a04a4638528147cfa12780e245ffdd21/,53.44198935,-2.277101421,0.037292,unknown ownership,Planning Permission,Full planning permission,17/09/2024,http://pa.manchester.gov.uk/online-applications/,Yes,5,,,,2025,30/11/2025,01/12/2026
http://opendatacommunities.org/id/metropolitan-district-council/manchester,139977/FO/2024,Junction Inn Queens Road,https://experience.arcgis.com/experience/a04a4638528147cfa12780e245ffdd21/,53.50247862,-2.22236026,0.012895,unknown ownership,Planning Permission,Full planning permission,07/08/2024,http://pa.manchester.gov.uk/online-applications/,Yes,8,,,,2025,30/11/2025,01/12/2026
http://opendatacommunities.org/id/metropolitan-district-council/manchester,139946/FO/2024,Parkhill Avenue / Delaunays Road,https://experience.arcgis.com/experience/a04a4638528147cfa12780e245ffdd21/,53.52103702,-2.228596267,0.376365,unknown ownership,Planning Permission,Full planning permission,03/09/2024,http://pa.manchester.gov.uk/online-applications/,Yes,24,,,,2017,30/11/2025,01/12/2026
http://opendatacommunities.org/id/metropolitan-district-council/manchester,138808/FO/2023,Charles Street car park (STUDENT),https://experience.arcgis.com/experience/a04a4638528147cfa12780e245ffdd21/,53.47389961,-2.238964389,0.03373,unknown ownership,Planning Permission,Full planning permission,31/07/2024,http://pa.manchester.gov.uk/online-applications/,Yes,107,,,,2024,30/11/2025,01/12/2026
http://opendatacommunities.org/id/metropolitan-district-council/manchester,139133/FO/2024,Land At Cornbrook Road,https://experience.arcgis.com/experience/a04a4638528147cfa12780e245ffdd21/,53.46982394,-2.266555758,0.236265,unknown ownership,Planning Permission,Full planning permission,26/09/2024,http://pa.manchester.gov.uk/online-applications/,Yes,224,,,,2024,30/11/2025,01/12/2026
http://opendatacommunities.org/id/metropolitan-district-council/manchester,138910/FO/2023,Henesy House 4 Nobby Stiles Drive,https://experience.arcgis.com/experience/a04a4638528147cfa12780e245ffdd21/,53.49055339,-2.225854871,0.379253,unknown ownership,Planning Permission,Full planning permission,28/08/2024,http://pa.manchester.gov.uk/online-applications/,Yes,10,,,,2025,30/11/2025,01/12/2026
http://opendatacommunities.org/id/metropolitan-district-council/manchester,138806/FO/2023,"Basement, Victoria Mill Miles Platting",https://experience.arcgis.com/experience/a04a4638528147cfa12780e245ffdd21/,53.4902336,-2.214067361,0.761642,unknown ownership,Planning Permission,Full planning permission,14/08/2024,http://pa.manchester.gov.uk/online-applications/,Yes,7,,,,2025,30/11/2025,01/12/2026
http://opendatacommunities.org/id/metropolitan-district-council/manchester,136117/FO/2023,47 Spear Street,https://experience.arcgis.com/experience/a04a4638528147cfa12780e245ffdd21/,53.48323907,-2.234013601,0.011073,unknown ownership,Planning Permission,Full planning permission,19/09/2024,http://pa.manchester.gov.uk/online-applications/,Yes,5,,,,2025,30/11/2025,01/12/2026
http://opendatacommunities.org/id/metropolitan-district-council/manchester,140556/FO/2024,Russell Road LGBT+ scheme (former Spire Hospital site),https://experience.arcgis.com/experience/a04a4638528147cfa12780e245ffdd21/,53.45312172,-2.263153682,0.878113,unknown ownership,Planning Permission,Full planning permission,27/09/2024,http://pa.manchester.gov.uk/online-applications/,Yes,120,,,,2017,30/11/2025,01/12/2026
http://opendatacommunities.org/id/metropolitan-district-council/manchester,137401/FO/2023,Upper Brook Street - MODA (STUDENT),https://experience.arcgis.com/experience/a04a4638528147cfa12780e245ffdd21/,53.46976121,-2.231770682,1.562389,unknown ownership,Planning Permission,Full planning permission,29/11/2024,http://pa.manchester.gov.uk/online-applications/,Yes,665,,,,2021,30/11/2025,01/12/2026
http://opendatacommunities.org/id/metropolitan-district-council/manchester,137399/FO/2023,Land of Cottenham Street & Kincardine Road (STUDENT),https://experience.arcgis.com/experience/a04a4638528147cfa12780e245ffdd21/,53.46833568,-2.229895018,0.996733,unknown ownership,Planning Permission,Full planning permission,29/11/2024,http://pa.manchester.gov.uk/online-applications/,Yes,475,,,,2024,30/11/2025,01/12/2026
http://opendatacommunities.org/id/metropolitan-district-council/manchester,139522/FO/2024,Former Westwood Nursing Home 8 Polygon Road,https://experience.arcgis.com/experience/a04a4638528147cfa12780e245ffdd21/,53.51798152,-2.246391003,0.167697,unknown ownership,Planning Permission,Full planning permission,15/10/2024,http://pa.manchester.gov.uk/online-applications/,Yes,12,,,,2025,30/11/2025,01/12/2026
http://opendatacommunities.org/id/metropolitan-district-council/manchester,139500/FO/2024,Land On Catherine Road Manchester M8 4HE,https://experience.arcgis.com/experience/a04a4638528147cfa12780e245ffdd21/,53.51686751,-2.250441333,0.060195,unknown ownership,Planning Permission,Full planning permission,24/10/2024,http://pa.manchester.gov.uk/online-applications/,Yes,6,,,,2025,30/11/2025,01/12/2026
http://opendatacommunities.org/id/metropolitan-district-council/manchester,139082/FO/2024,Vacant Land To Rear Of Nos. 1-17 Wythburn Avenue Fronting Queens Road,https://experience.arcgis.com/experience/a04a4638528147cfa12780e245ffdd21/,53.50226454,-2.226263734,0.083544,unknown ownership,Planning Permission,Full planning permission,28/10/2024,http://pa.manchester.gov.uk/online-applications/,Yes,6,,,,2025,30/11/2025,01/12/2026
http://opendatacommunities.org/id/metropolitan-district-council/manchester,129273/FO/2021,Park Place (Plot G - Great Jackson Street Masterplan),https://experience.arcgis.com/experience/a04a4638528147cfa12780e245ffdd21/,53.47111604,-2.250895767,0.709418,unknown ownership,Planning Permission,Full planning permission,20/11/2024,http://pa.manchester.gov.uk/online-applications/,,1037,,,,2017,30/11/2025,01/12/2026
http://opendatacommunities.org/id/metropolitan-district-council/manchester,141487/P3MAP/2024,"Upper Floors, 102-104 Market Street",https://experience.arcgis.com/experience/a04a4638528147cfa12780e245ffdd21/,53.48202304,-2.239868583,0.023268,unknown ownership,Planning Permission,Other,06/01/2025,http://pa.manchester.gov.uk/online-applications/,Yes,9,,,Prior approval,2025,30/11/2025,01/12/2026
http://opendatacommunities.org/id/metropolitan-district-council/manchester,141996/FO/2025,430A And 432A Wilbraham Road Manchester M21 0AS,https://experience.arcgis.com/experience/a04a4638528147cfa12780e245ffdd21/,53.44271225,-2.275450023,0.033314,unknown ownership,Planning Permission,Full planning permission,21/03/2025,http://pa.manchester.gov.uk/online-applications/,Yes,6,,,,2025,30/11/2025,01/12/2026
http://opendatacommunities.org/id/metropolitan-district-council/manchester,140700/FO/2024,816 Stockport Road Manchester M19 3AW,https://experience.arcgis.com/experience/a04a4638528147cfa12780e245ffdd21/,53.44886987,-2.192463688,0.039834,unknown ownership,Planning Permission,Full planning permission,14/03/2025,http://pa.manchester.gov.uk/online-applications/,Yes,13,,,,2025,30/11/2025,01/12/2026
http://opendatacommunities.org/id/metropolitan-district-council/manchester,142008/FO/2025,212 Hollyhedge Road Manchester M22 4QN,https://experience.arcgis.com/experience/a04a4638528147cfa12780e245ffdd21/,53.38794806,-2.253580193,0.035593,unknown ownership,Planning Permission,Full planning permission,17/03/2025,http://pa.manchester.gov.uk/online-applications/,Yes,5,,,,2025,30/11/2025,01/12/2026
http://opendatacommunities.org/id/metropolitan-district-council/manchester,138765/FO/2023,"Former Car Park area of Greenfinch pub (now Wren House), 108 Palatine Road",https://experience.arcgis.com/experience/a04a4638528147cfa12780e245ffdd21/,53.42524697,-2.237458481,0.33289,unknown ownership,Planning Permission,Full planning permission,06/01/2025,http://pa.manchester.gov.uk/online-applications/,Yes,37,,,,2025,30/11/2025,01/12/2026
http://opendatacommunities.org/id/metropolitan-district-council/manchester,127241/FO/2020,"515-521 Balow Moor Road, Chorlton",https://experience.arcgis.com/experience/a04a4638528147cfa12780e245ffdd21/,53.4395751,-2.275505089,0.101024,unknown ownership,Planning Permission,Full planning permission,05/07/2021,http://pa.manchester.gov.uk/online-applications/,Yes,5,,,,2022,30/11/2025,01/12/2026
http://opendatacommunities.org/id/metropolitan-district-council/manchester,133036/OO/2022,"Bowling club off Backwell St / Club St, Openshaw",https://experience.arcgis.com/experience/a04a4638528147cfa12780e245ffdd21/,53.47344706,-2.153344306,0.167875,unknown ownership,Planning Permission,Outline planning permission,11/02/2028,http://pa.manchester.gov.uk/online-applications/,Yes,8,,,,2023,30/11/2025,01/12/2026
,Anco_Cap_115,George Leigh Street/Silk Street,https://experience.arcgis.com/experience/a04a4638528147cfa12780e245ffdd21/,53.48602054,-2.22726248,0.147616,unknown ownership,non-permissioned,,,http://pa.manchester.gov.uk/online-applications/,,30,,,,2017,30/11/2025,01/12/2026
,Anco_Cap_116,Silk Street/Poland Street,https://experience.arcgis.com/experience/a04a4638528147cfa12780e245ffdd21/,53.48643635,-2.226028954,0.136664,unknown ownership,non-permissioned,,,http://pa.manchester.gov.uk/online-applications/,,27,,,,2017,30/11/2025,01/12/2026
,Anco_Cap_107,Silk Street/Cinder Street,https://experience.arcgis.com/experience/a04a4638528147cfa12780e245ffdd21/,53.4866513,-2.226436987,0.05338,unknown ownership,non-permissioned,,,http://pa.manchester.gov.uk/online-applications/,,14,,,,2017,30/11/2025,01/12/2026
,Anco_Cap_140,Cinder Street/Silk Street,https://experience.arcgis.com/experience/a04a4638528147cfa12780e245ffdd21/,53.48652455,-2.226918556,0.110601,unknown ownership,non-permissioned,,,http://pa.manchester.gov.uk/online-applications/,,22,,,,2017,30/11/2025,01/12/2026
,Harp_Cap_043,Blackley Park Road,https://experience.arcgis.com/experience/a04a4638528147cfa12780e245ffdd21/,53.51730024,-2.212680434,0.264938,unknown ownership,non-permissioned,,,http://pa.manchester.gov.uk/online-applications/,,20,,,,2017,30/11/2025,01/12/2026
,Char_Cap_006,Pinfold/Raycroft Avenue,https://experience.arcgis.com/experience/a04a4638528147cfa12780e245ffdd21/,53.52001148,-2.193479469,1.63916,unknown ownership,non-permissioned,,,http://pa.manchester.gov.uk/online-applications/,,82,,,,2017,30/11/2025,01/12/2026
,Harp_Cap_029,"Winston Road, Hodge St, Lordship Close",https://experience.arcgis.com/experience/a04a4638528147cfa12780e245ffdd21/,53.51565812,-2.200713359,0.661335,unknown ownership,non-permissioned,,,http://pa.manchester.gov.uk/online-applications/,Yes,29,,,,2017,30/11/2025,01/12/2026
,Did_W_Cap_016,95 Palatine Road,https://experience.arcgis.com/experience/a04a4638528147cfa12780e245ffdd21/,53.42598808,-2.235445981,0.263768,unknown ownership,non-permissioned,,,http://pa.manchester.gov.uk/online-applications/,,24,,,,2017,30/11/2025,01/12/2026
,Char_Cap_004,"Former North Manchester High School for Girls, Rear of Inchfield Road",https://experience.arcgis.com/experience/a04a4638528147cfa12780e245ffdd21/,53.5192807,-2.189585071,2.768389,unknown ownership,non-permissioned,,,http://pa.manchester.gov.uk/online-applications/,Yes,140,,,,2017,30/11/2025,01/12/2026
,Harp_Cap_015,Albine Street,https://experience.arcgis.com/experience/a04a4638528147cfa12780e245ffdd21/,53.51324958,-2.20050595,0.802972,unknown ownership,non-permissioned,,,http://pa.manchester.gov.uk/online-applications/,,80,,,,2017,30/11/2025,01/12/2026
,Chor_Cap_030,Chorlton District Centre,https://experience.arcgis.com/experience/a04a4638528147cfa12780e245ffdd21/,53.4432975,-2.278901503,1.295184,unknown ownership,non-permissioned,,,http://pa.manchester.gov.uk/online-applications/,Yes,262,,,,2017,30/11/2025,01/12/2026
,Anco_Cap_320,Crown St Industrial Estate,https://experience.arcgis.com/experience/a04a4638528147cfa12780e245ffdd21/,53.4869768,-2.225429012,0.342948,unknown ownership,non-permissioned,,,http://pa.manchester.gov.uk/online-applications/,,130,,,,2017,30/11/2025,01/12/2026
,CC_Cap_002a,"Crown Street Phase 3, Great Jackson Street Masterplan",https://experience.arcgis.com/experience/a04a4638528147cfa12780e245ffdd21/,53.47215342,-2.25340274,1.12529,unknown ownership,non-permissioned,,,http://pa.manchester.gov.uk/online-applications/,,1746,,,,2017,30/11/2025,01/12/2026
,CC_Cap_007,Mayfield - Phase 1B Hoyle Street West (Plots J & K),https://experience.arcgis.com/experience/a04a4638528147cfa12780e245ffdd21/,53.47403555,-2.224381368,1.484675,unknown ownership,non-permissioned,,,http://pa.manchester.gov.uk/online-applications/,,879,,,,2017,30/11/2025,01/12/2026
,Chee_Cap_003,Red Bank (Victoria North),https://experience.arcgis.com/experience/a04a4638528147cfa12780e245ffdd21/,53.49260453,-2.234245902,5.950587,unknown ownership,non-permissioned,,,http://pa.manchester.gov.uk/online-applications/,,3250,,,,2017,30/11/2025,01/12/2026
,Anco_Cap_331,Port Street/Postal Street,https://experience.arcgis.com/experience/a04a4638528147cfa12780e245ffdd21/,53.48249769,-2.231628682,0.182344,unknown ownership,non-permissioned,,,http://pa.manchester.gov.uk/online-applications/,Yes,126,,,,2017,30/11/2025,01/12/2026
,Hulm_Cap_001,Hulme High Street/Moss Lane East,https://experience.arcgis.com/experience/a04a4638528147cfa12780e245ffdd21/,53.46003072,-2.247803455,0.211339,unknown ownership,non-permissioned,,,http://pa.manchester.gov.uk/online-applications/,,50,,,,2017,30/11/2025,01/12/2026
,Harp_Cap_001,"Golden Lion, Harpurhey",https://experience.arcgis.com/experience/a04a4638528147cfa12780e245ffdd21/,53.50863496,-2.217899249,0.485805,unknown ownership,non-permissioned,,,http://pa.manchester.gov.uk/online-applications/,,34,,,,2017,30/11/2025,01/12/2026
,Gort_S_Cap_400,Levenshulme Swimming Pool,https://experience.arcgis.com/experience/a04a4638528147cfa12780e245ffdd21/,53.44560887,-2.185673703,0.190928,unknown ownership,non-permissioned,,,http://pa.manchester.gov.uk/online-applications/,Yes,30,,,,2017,30/11/2025,01/12/2026
,Wood_Cap_600,Wythenshawe Civic Centre: The Birtles,https://experience.arcgis.com/experience/a04a4638528147cfa12780e245ffdd21/,53.38056658,-2.262735758,0.862861,unknown ownership,non-permissioned,,,http://pa.manchester.gov.uk/online-applications/,Yes,82,,,,2017,30/11/2025,01/12/2026
,CC_Cap_705,The Lighthouse (Plot D Great Jackson St Masterplan),https://experience.arcgis.com/experience/a04a4638528147cfa12780e245ffdd21/,53.47133623,-2.253051418,0.498756,unknown ownership,non-permissioned,,,http://pa.manchester.gov.uk/online-applications/,,642,,,,2017,30/11/2025,01/12/2026
,CC_Cap_710,Heyrod Street / Churchgate Buildings (Portugal Street East - Plot C),https://experience.arcgis.com/experience/a04a4638528147cfa12780e245ffdd21/,53.47847628,-2.224073204,0.132476,unknown ownership,non-permissioned,,,http://pa.manchester.gov.uk/online-applications/,,80,,,,2017,30/11/2025,01/12/2026
,Anco_Cap_711,Clayton Canalside Phases 2 and 3 (Eccleshall Street & Croft Street Triangle),https://experience.arcgis.com/experience/a04a4638528147cfa12780e245ffdd21/,53.48207135,-2.18209619,10.015115,unknown ownership,non-permissioned,,,http://pa.manchester.gov.uk/online-applications/,,1250,,,,2017,30/11/2025,01/12/2026
,Anco_Cap_712,New Cross Zones B & C (Victoria North),https://experience.arcgis.com/experience/a04a4638528147cfa12780e245ffdd21/,53.48834659,-2.228284625,13.229398,unknown ownership,non-permissioned,,,http://pa.manchester.gov.uk/online-applications/,,5000,,,,2017,30/11/2025,01/12/2026
,CC_Cap_715,Shudehill,https://experience.arcgis.com/experience/a04a4638528147cfa12780e245ffdd21/,53.48512519,-2.239268165,0.222094,unknown ownership,non-permissioned,,,http://pa.manchester.gov.uk/online-applications/,,125,,,,2017,30/11/2025,01/12/2026
,CC_Cap_804,Water Street sites (Big Yellow),https://experience.arcgis.com/experience/a04a4638528147cfa12780e245ffdd21/,53.47594291,-2.259301301,0.607285,unknown ownership,non-permissioned,,,http://pa.manchester.gov.uk/online-applications/,,800,,,,2017,30/11/2025,01/12/2026
,CC_Cap_806,Tom Garner site (Plot B - Great Jackson Street Masterplan),https://experience.arcgis.com/experience/a04a4638528147cfa12780e245ffdd21/,53.47282711,-2.253602568,0.390354,unknown ownership,non-permissioned,,,http://pa.manchester.gov.uk/online-applications/,,400,,,,2017,30/11/2025,01/12/2026
,Chee_Cap_900,New Town (Victoria North),https://experience.arcgis.com/experience/a04a4638528147cfa12780e245ffdd21/,53.49036607,-2.229802591,3.671046,unknown ownership,non-permissioned,,,http://pa.manchester.gov.uk/online-applications/,,1800,,,,2017,30/11/2025,01/12/2026
,CC_Cap_906,Piccadilly Trading Estate,https://experience.arcgis.com/experience/a04a4638528147cfa12780e245ffdd21/,53.47780865,-2.220589222,2.974643,unknown ownership,non-permissioned,,,http://pa.manchester.gov.uk/online-applications/,,1960,,,,2022,30/11/2025,01/12/2026
,Rush_Cap_1000,"Former Hardy's Well pub, Wilmslow Road",https://experience.arcgis.com/experience/a04a4638528147cfa12780e245ffdd21/,53.45175833,-2.221734657,0.172596,unknown ownership,non-permissioned,,,http://pa.manchester.gov.uk/online-applications/,,45,,,,2018,30/11/2025,01/12/2026
,Anco_Cap_1003,HS2 Development Area,https://experience.arcgis.com/experience/a04a4638528147cfa12780e245ffdd21/,53.48074201,-2.228484987,0.164122,unknown ownership,non-permissioned,,,http://pa.manchester.gov.uk/online-applications/,,60,,,,2020,30/11/2025,01/12/2026
,Mile1900,"Flash Street, Newton Heath",https://experience.arcgis.com/experience/a04a4638528147cfa12780e245ffdd21/,53.50222376,-2.175880729,0.444225,unknown ownership,non-permissioned,,,http://pa.manchester.gov.uk/online-applications/,,32,,,,2017,30/11/2025,01/12/2026
,Bagu1900,Black Boy Hotel Bowland Road,https://experience.arcgis.com/experience/a04a4638528147cfa12780e245ffdd21/,53.39299785,-2.286135827,0.297012,unknown ownership,non-permissioned,,,http://pa.manchester.gov.uk/online-applications/,,15,,,,2019,30/11/2025,01/12/2026
,Ardw1902,Haverford Street,https://experience.arcgis.com/experience/a04a4638528147cfa12780e245ffdd21/,53.46716723,-2.205034156,0.308883,unknown ownership,non-permissioned,,,http://pa.manchester.gov.uk/online-applications/,,25,,,,2017,30/11/2025,01/12/2026
,Crum_Cap_001,27 Middleton Road,https://experience.arcgis.com/experience/a04a4638528147cfa12780e245ffdd21/,53.52300923,-2.216947553,0.464696,unknown ownership,non-permissioned,,,http://pa.manchester.gov.uk/online-applications/,,20,,,,2017,30/11/2025,01/12/2026
,Burn1901,"Kingsway Business Centre, 140 Kingsway",https://experience.arcgis.com/experience/a04a4638528147cfa12780e245ffdd21/,53.43344596,-2.208288412,0.437533,unknown ownership,non-permissioned,,,http://pa.manchester.gov.uk/online-applications/,,35,,,,2019,30/11/2025,01/12/2026
,Picc1904,North Campus (Sister),https://experience.arcgis.com/experience/a04a4638528147cfa12780e245ffdd21/,53.47484753,-2.232235077,1.910012,unknown ownership,non-permissioned,,,http://pa.manchester.gov.uk/online-applications/,,1500,,,,2019,30/11/2025,01/12/2026
,Anco1905,GML Masterplan: The Grange,https://experience.arcgis.com/experience/a04a4638528147cfa12780e245ffdd21/,53.47920064,-2.200963514,0.340084,unknown ownership,non-permissioned,,,http://pa.manchester.gov.uk/online-applications/,Yes,69,,,,2019,30/11/2025,01/12/2026
,Moss1900,Moss Lane East / Princess Road (Reno site),https://experience.arcgis.com/experience/a04a4638528147cfa12780e245ffdd21/,53.45851841,-2.244511419,0.532649,unknown ownership,non-permissioned,,,http://pa.manchester.gov.uk/online-applications/,Yes,212,,,,2019,30/11/2025,01/12/2026
,Wood1900,Former Woodpecker Pub Selstead Road,https://experience.arcgis.com/experience/a04a4638528147cfa12780e245ffdd21/,53.37255764,-2.270802187,0.172611,unknown ownership,non-permissioned,,,http://pa.manchester.gov.uk/online-applications/,Yes,15,,,,2019,30/11/2025,01/12/2026
,Anco_Cap_075,Junction of Bamford St / Bank St,https://experience.arcgis.com/experience/a04a4638528147cfa12780e245ffdd21/,53.48466901,-2.187878894,0.263661,unknown ownership,non-permissioned,,,http://pa.manchester.gov.uk/online-applications/,,14,,,,2017,30/11/2025,01/12/2026
,Whal2001,Former Nello James Centre,https://experience.arcgis.com/experience/a04a4638528147cfa12780e245ffdd21/,53.45160482,-2.258024477,0.247404,unknown ownership,non-permissioned,,,http://pa.manchester.gov.uk/online-applications/,Yes,35,,,,2020,30/11/2025,01/12/2026
,Fall2000,"USDAW site, Langley Road Fallowfield",https://experience.arcgis.com/experience/a04a4638528147cfa12780e245ffdd21/,53.44548005,-2.219157583,0.808836,unknown ownership,non-permissioned,,,http://pa.manchester.gov.uk/online-applications/,Yes,63,,,,2020,30/11/2025,01/12/2026
,Chee2002,Great Ducie Street SRF - Celebration Village & BOI Holdings,https://experience.arcgis.com/experience/a04a4638528147cfa12780e245ffdd21/,53.48985346,-2.247885357,1.083937,unknown ownership,non-permissioned,,,http://pa.manchester.gov.uk/online-applications/,,1000,,,,2020,30/11/2025,01/12/2026
,Picc2005,London Rd/Altrincham St,https://experience.arcgis.com/experience/a04a4638528147cfa12780e245ffdd21/,53.47605336,-2.231488276,0.131194,unknown ownership,non-permissioned,,,http://pa.manchester.gov.uk/online-applications/,,100,,,,2020,30/11/2025,01/12/2026
,Harp2100,Conran Street Market Site (Southwell St / Conran St),https://experience.arcgis.com/experience/a04a4638528147cfa12780e245ffdd21/,53.5081784,-2.211880849,0.583098,unknown ownership,non-permissioned,,,http://pa.manchester.gov.uk/online-applications/,,20,,,,2021,30/11/2025,01/12/2026
,Crum2100,North Manchester General Hospital,https://experience.arcgis.com/experience/a04a4638528147cfa12780e245ffdd21/,53.51690852,-2.230051905,6.623626,unknown ownership,non-permissioned,,,http://pa.manchester.gov.uk/online-applications/,,550,,,,2021,30/11/2025,01/12/2026
,Dean2100,Great Northern Complex,https://experience.arcgis.com/experience/a04a4638528147cfa12780e245ffdd21/,53.47621464,-2.249765319,0.827666,unknown ownership,non-permissioned,,,http://pa.manchester.gov.uk/online-applications/,,746,,,,2017,30/11/2025,01/12/2026
,Harp2104,Carisbrook Street / Blencarn Walk,https://experience.arcgis.com/experience/a04a4638528147cfa12780e245ffdd21/,53.50520033,-2.213509387,0.167923,unknown ownership,non-permissioned,,,http://pa.manchester.gov.uk/online-applications/,,13,,,,2021,30/11/2025,01/12/2026
,Dean2101,New Elm Road (off Water Street),https://experience.arcgis.com/experience/a04a4638528147cfa12780e245ffdd21/,53.47570639,-2.26061072,1.044041,unknown ownership,non-permissioned,,,http://pa.manchester.gov.uk/online-applications/,,1200,,,,2021,30/11/2025,01/12/2026
,Clay2100,"Crabtree Forge site, Crabtree Lane",https://experience.arcgis.com/experience/a04a4638528147cfa12780e245ffdd21/,53.47881597,-2.171037823,2.77811,unknown ownership,non-permissioned,,,http://pa.manchester.gov.uk/online-applications/,Yes,194,,,,2021,30/11/2025,01/12/2026
,Park2101,"Riley's Snooker Hall, off Barlow Moor Road",https://experience.arcgis.com/experience/a04a4638528147cfa12780e245ffdd21/,53.43625618,-2.272503215,0.120298,unknown ownership,non-permissioned,,,http://pa.manchester.gov.uk/online-applications/,,25,,,,2021,30/11/2025,01/12/2026
,Bagu2100,Wytheshawe Hospital,https://experience.arcgis.com/experience/a04a4638528147cfa12780e245ffdd21/,53.38556598,-2.292851091,4.281888,unknown ownership,non-permissioned,,,http://pa.manchester.gov.uk/online-applications/,,500,,,,2021,30/11/2025,01/12/2026
,Char2102,"VASA club, Whitemoss Road",https://experience.arcgis.com/experience/a04a4638528147cfa12780e245ffdd21/,53.52659611,-2.211671282,0.390549,unknown ownership,non-permissioned,,,http://pa.manchester.gov.uk/online-applications/,Yes,36,,,,2021,30/11/2025,01/12/2026
,Ardw2100,Ardwick Green NDF sites,https://experience.arcgis.com/experience/a04a4638528147cfa12780e245ffdd21/,53.47223857,-2.224040506,14.162911,unknown ownership,non-permissioned,,,http://pa.manchester.gov.uk/online-applications/,,2484,,,,2021,30/11/2025,01/12/2026
,Moss2200,98 Wilmslow Road,https://experience.arcgis.com/experience/a04a4638528147cfa12780e245ffdd21/,53.45375756,-2.224545955,0.107282,unknown ownership,non-permissioned,,,http://pa.manchester.gov.uk/online-applications/,,42,,,,2022,30/11/2025,01/12/2026
,Anco2200,Ancoats Works,https://experience.arcgis.com/experience/a04a4638528147cfa12780e245ffdd21/,53.48281307,-2.216863005,0.568685,unknown ownership,non-permissioned,,,http://pa.manchester.gov.uk/online-applications/,Yes,193,,,,2022,30/11/2025,01/12/2026
,Whal2200,"Land at rear of British Muslim Heritage Centre, College Road",https://experience.arcgis.com/experience/a04a4638528147cfa12780e245ffdd21/,53.44811256,-2.264297316,0.48381,unknown ownership,non-permissioned,,,http://pa.manchester.gov.uk/online-applications/,,32,,,,2022,30/11/2025,01/12/2026
,Hulm_Cap_818,Trentham Street (Britannia Basin),https://experience.arcgis.com/experience/a04a4638528147cfa12780e245ffdd21/,53.4706534,-2.265415966,0.708919,unknown ownership,non-permissioned,,,http://pa.manchester.gov.uk/online-applications/,Yes,419,,,,2017,30/11/2025,01/12/2026
,Crum_Cap_801,"Former Imperial Public House, Delaunays Road",https://experience.arcgis.com/experience/a04a4638528147cfa12780e245ffdd21/,53.52111129,-2.227359895,0.237244,unknown ownership,non-permissioned,,,http://pa.manchester.gov.uk/online-applications/,Yes,35,,,,2017,30/11/2025,01/12/2026
,Long_Cap_1001,Land At Junction Of Birch Land And Plymouth Grove,https://experience.arcgis.com/experience/a04a4638528147cfa12780e245ffdd21/,53.45962616,-2.204952747,0.098142,unknown ownership,non-permissioned,,,http://pa.manchester.gov.uk/online-applications/,,14,,,,2018,30/11/2025,01/12/2026
,Burn2201,"B&M superstore site, Kingsway",https://experience.arcgis.com/experience/a04a4638528147cfa12780e245ffdd21/,53.43483157,-2.207497435,1.528476,unknown ownership,non-permissioned,,,http://pa.manchester.gov.uk/online-applications/,Yes,115,,,,2022,30/11/2025,01/12/2026
,Rush2202,"High Elms, Upper Park Road",https://experience.arcgis.com/experience/a04a4638528147cfa12780e245ffdd21/,53.45663404,-2.219606463,0.342996,unknown ownership,non-permissioned,,,http://pa.manchester.gov.uk/online-applications/,,30,,,,2022,30/11/2025,01/12/2026
,Long2200,"Former South Gorton Housing Office, Buckley Road",https://experience.arcgis.com/experience/a04a4638528147cfa12780e245ffdd21/,53.45812653,-2.181888109,0.384368,unknown ownership,non-permissioned,,,http://pa.manchester.gov.uk/online-applications/,Yes,35,,,,2022,30/11/2025,01/12/2026
,Chee2201,South of Roger Street (Victoria North),https://experience.arcgis.com/experience/a04a4638528147cfa12780e245ffdd21/,53.49031481,-2.237609304,1.282523,unknown ownership,non-permissioned,,,http://pa.manchester.gov.uk/online-applications/,,1100,,,,2017,30/11/2025,01/12/2026
,Anco_Cap_605,Remaining Picc Basin Sites,https://experience.arcgis.com/experience/a04a4638528147cfa12780e245ffdd21/,53.48150301,-2.230056173,0.405942,unknown ownership,non-permissioned,,,http://pa.manchester.gov.uk/online-applications/,,250,,,,2017,30/11/2025,01/12/2026
,Chor2300,Chorlton Picturehouse,https://experience.arcgis.com/experience/a04a4638528147cfa12780e245ffdd21/,53.4442131,-2.27943443,0.122746,unknown ownership,non-permissioned,,,http://pa.manchester.gov.uk/online-applications/,,37,,,,2023,30/11/2025,01/12/2026
,Dean2300,Albert Bridge House,https://experience.arcgis.com/experience/a04a4638528147cfa12780e245ffdd21/,53.48180231,-2.251138845,0.838687,unknown ownership,non-permissioned,,,http://pa.manchester.gov.uk/online-applications/,,800,,,,2023,30/11/2025,01/12/2026
,Picc2309,Stocktons site (East Village Central Framework),https://experience.arcgis.com/experience/a04a4638528147cfa12780e245ffdd21/,53.48074761,-2.225531676,0.395007,unknown ownership,non-permissioned,,,http://pa.manchester.gov.uk/online-applications/,,758,,,,2023,30/11/2025,01/12/2026
,Ardw2301,88-89 Carmoor Road (STUDENT),https://experience.arcgis.com/experience/a04a4638528147cfa12780e245ffdd21/,53.45989701,-2.219532899,0.207805,unknown ownership,non-permissioned,,,http://pa.manchester.gov.uk/online-applications/,Yes,92,,,,2023,30/11/2025,01/12/2026
,Gort2304,"Gorton District Centre Framework: Former Gorton Library site, Garratt Way",https://experience.arcgis.com/experience/a04a4638528147cfa12780e245ffdd21/,53.46308275,-2.173444632,0.467554,unknown ownership,non-permissioned,,,http://pa.manchester.gov.uk/online-applications/,Yes,51,,,,2023,30/11/2025,01/12/2026
,Clay2300,"Land Incorporating 1A Stanley Street, 3-5 Ogden Lane And 1292 Ashton Old Road",https://experience.arcgis.com/experience/a04a4638528147cfa12780e245ffdd21/,53.47257047,-2.163615668,0.127011,unknown ownership,non-permissioned,,,http://pa.manchester.gov.uk/online-applications/,Yes,25,,,,2023,30/11/2025,01/12/2026
,Hulme2300,"Three Legs of Man, Stretford Road",https://experience.arcgis.com/experience/a04a4638528147cfa12780e245ffdd21/,53.46556109,-2.259404197,0.019531,unknown ownership,non-permissioned,,,http://pa.manchester.gov.uk/online-applications/,Yes,25,,,,2023,30/11/2025,01/12/2026
,Gort2309,Gorton Lane Youth Centre,https://experience.arcgis.com/experience/a04a4638528147cfa12780e245ffdd21/,53.46890478,-2.192554543,0.086543,unknown ownership,non-permissioned,,,http://pa.manchester.gov.uk/online-applications/,,24,,,,2023,30/11/2025,01/12/2026
,Harp2300,"Deneside care home site, Silchester Drive",https://experience.arcgis.com/experience/a04a4638528147cfa12780e245ffdd21/,53.50256683,-2.213450953,0.251043,unknown ownership,non-permissioned,,,http://pa.manchester.gov.uk/online-applications/,,48,,,,2023,30/11/2025,01/12/2026
,Harp2303,Site of former 17-27 Moston Lane,https://experience.arcgis.com/experience/a04a4638528147cfa12780e245ffdd21/,53.51398511,-2.211774038,0.184534,unknown ownership,non-permissioned,,,http://pa.manchester.gov.uk/online-applications/,,13,,,,2023,30/11/2025,01/12/2026
,Wood2300,Wythenshawe Civic Centre: Forum Car Park site,https://experience.arcgis.com/experience/a04a4638528147cfa12780e245ffdd21/,53.38028025,-2.266191548,0.52322,unknown ownership,non-permissioned,,,http://pa.manchester.gov.uk/online-applications/,,275,,,,2023,30/11/2025,01/12/2026
,Wood2301,Wythenshawe Civic Centre: Shell site,https://experience.arcgis.com/experience/a04a4638528147cfa12780e245ffdd21/,53.37783099,-2.260042983,1.751342,unknown ownership,non-permissioned,,,http://pa.manchester.gov.uk/online-applications/,Yes,500,,,,2023,30/11/2025,01/12/2026
,Wood2302,Wythenshawe Civic Centre: (formerly Townhouses),https://experience.arcgis.com/experience/a04a4638528147cfa12780e245ffdd21/,53.37791506,-2.258585382,0.707532,unknown ownership,non-permissioned,,,http://pa.manchester.gov.uk/online-applications/,,150,,,,2023,30/11/2025,01/12/2026
,Wood2304,Wythenshawe Civic Centre: Centron House,https://experience.arcgis.com/experience/a04a4638528147cfa12780e245ffdd21/,53.38012442,-2.25942576,0.486249,unknown ownership,non-permissioned,,,http://pa.manchester.gov.uk/online-applications/,Yes,150,,,,2023,30/11/2025,01/12/2026
,Wood2305,Wythenshawe Civic Centre: The Restaurants Site,https://experience.arcgis.com/experience/a04a4638528147cfa12780e245ffdd21/,53.37997732,-2.260928137,0.82457,unknown ownership,non-permissioned,,,http://pa.manchester.gov.uk/online-applications/,,250,,,,2017,30/11/2025,01/12/2026
,Wood2306,Wythenshawe Civic Centre: Old Bus Station site,https://experience.arcgis.com/experience/a04a4638528147cfa12780e245ffdd21/,53.38067041,-2.260481447,0.406493,unknown ownership,non-permissioned,,,http://pa.manchester.gov.uk/online-applications/,Yes,225,,,,2017,30/11/2025,01/12/2026
,Long2300,17-19 Slade Lane,https://experience.arcgis.com/experience/a04a4638528147cfa12780e245ffdd21/,53.45333899,-2.196805818,0.148485,unknown ownership,non-permissioned,,,http://pa.manchester.gov.uk/online-applications/,,12,,,,2020,30/11/2025,01/12/2026
,Long2301,764-786 Stockport Road,https://experience.arcgis.com/experience/a04a4638528147cfa12780e245ffdd21/,53.45011813,-2.193161997,0.119833,unknown ownership,non-permissioned,,,http://pa.manchester.gov.uk/online-applications/,,19,,,,2023,30/11/2025,01/12/2026
,Hulme2301,215-233 Chester Road,https://experience.arcgis.com/experience/a04a4638528147cfa12780e245ffdd21/,53.47058153,-2.261302717,0.48094,unknown ownership,non-permissioned,,,http://pa.manchester.gov.uk/online-applications/,Yes,156,,,,2023,30/11/2025,01/12/2026
,Dean2303,Hulme Street car park,https://experience.arcgis.com/experience/a04a4638528147cfa12780e245ffdd21/,53.47164296,-2.243787869,0.641585,unknown ownership,non-permissioned,,,http://pa.manchester.gov.uk/online-applications/,,300,,,,2023,30/11/2025,01/12/2026
,Picc2302,West of Pigeon Street,https://experience.arcgis.com/experience/a04a4638528147cfa12780e245ffdd21/,53.48051813,-2.228046815,0.068544,unknown ownership,non-permissioned,,,http://pa.manchester.gov.uk/online-applications/,,50,,,,2023,30/11/2025,01/12/2026
,Picc2303,"Land Bound By Cross Keys Street, Goulden Street, Chadderton Street And Marshall Street",https://experience.arcgis.com/experience/a04a4638528147cfa12780e245ffdd21/,53.48628043,-2.232327379,0.142116,unknown ownership,non-permissioned,,,http://pa.manchester.gov.uk/online-applications/,Yes,99,,,,2017,30/11/2025,01/12/2026
,Picc2304,Rochdale Road (Euro Car Parks site),https://experience.arcgis.com/experience/a04a4638528147cfa12780e245ffdd21/,53.4866714,-2.234635238,0.210852,unknown ownership,non-permissioned,,,http://pa.manchester.gov.uk/online-applications/,,252,,,,2017,30/11/2025,01/12/2026
,Picc2306,Church Street car park,https://experience.arcgis.com/experience/a04a4638528147cfa12780e245ffdd21/,53.48326117,-2.236485029,0.659982,unknown ownership,non-permissioned,,,http://pa.manchester.gov.uk/online-applications/,Yes,300,,,,2023,30/11/2025,01/12/2026
,Moss2303,Land at Barnhill St / Moss Lane East (site 2),https://experience.arcgis.com/experience/a04a4638528147cfa12780e245ffdd21/,53.45838531,-2.243667251,0.374432,unknown ownership,non-permissioned,,,http://pa.manchester.gov.uk/online-applications/,,42,,,,2023,30/11/2025,01/12/2026
,Picc2307,Mayfield - Macdonald car park site,https://experience.arcgis.com/experience/a04a4638528147cfa12780e245ffdd21/,53.47553706,-2.228879008,0.17967,unknown ownership,non-permissioned,,,http://pa.manchester.gov.uk/online-applications/,,150,,,,2023,30/11/2025,01/12/2026
,Anco2300,Poland Street,https://experience.arcgis.com/experience/a04a4638528147cfa12780e245ffdd21/,53.48614267,-2.224475194,0.476047,unknown ownership,non-permissioned,,,http://pa.manchester.gov.uk/online-applications/,Yes,200,,,,2023,30/11/2025,01/12/2026
,Anco2301,"Ancoats Green, Jersey Street",https://experience.arcgis.com/experience/a04a4638528147cfa12780e245ffdd21/,53.48612705,-2.223224308,0.426806,unknown ownership,non-permissioned,,,http://pa.manchester.gov.uk/online-applications/,,280,,,,2023,30/11/2025,01/12/2026
,Dean2304,Viadux Phase 2a & 2b,https://experience.arcgis.com/experience/a04a4638528147cfa12780e245ffdd21/,53.47512825,-2.249201538,0.511451,unknown ownership,non-permissioned,,,http://pa.manchester.gov.uk/online-applications/,Yes,585,,,,2023,30/11/2025,01/12/2026
,Dean2305,Cambridge Circus (STUDENT),https://experience.arcgis.com/experience/a04a4638528147cfa12780e245ffdd21/,53.470577,-2.242004142,0.924477,unknown ownership,non-permissioned,,,http://pa.manchester.gov.uk/online-applications/,,313,,,,2023,30/11/2025,01/12/2026
,Char2300,Carville Road,https://experience.arcgis.com/experience/a04a4638528147cfa12780e245ffdd21/,53.52579236,-2.181197223,0.366315,unknown ownership,non-permissioned,,,http://pa.manchester.gov.uk/online-applications/,,15,,,,2023,30/11/2025,01/12/2026
,Chor2303,Manchester Islamic High School for Girls,https://experience.arcgis.com/experience/a04a4638528147cfa12780e245ffdd21/,53.44006819,-2.279934246,0.418482,unknown ownership,non-permissioned,,,http://pa.manchester.gov.uk/online-applications/,Yes,22,,,,2023,30/11/2025,01/12/2026
,Moss2304,"Former children's centre, Adscombe Street",https://experience.arcgis.com/experience/a04a4638528147cfa12780e245ffdd21/,53.45744919,-2.252969308,0.573352,unknown ownership,non-permissioned,,,http://pa.manchester.gov.uk/online-applications/,Yes,65,,,,2023,30/11/2025,01/12/2026
,Long2303,"West of Showcase cinema site, Hyde Road",https://experience.arcgis.com/experience/a04a4638528147cfa12780e245ffdd21/,53.46368707,-2.18972933,0.836579,unknown ownership,non-permissioned,,,http://pa.manchester.gov.uk/online-applications/,Yes,85,,,,2023,30/11/2025,01/12/2026
,Long2304,"South of Showcase cinema site, Hyde Road",https://experience.arcgis.com/experience/a04a4638528147cfa12780e245ffdd21/,53.46226354,-2.186168384,0.661331,unknown ownership,non-permissioned,,,http://pa.manchester.gov.uk/online-applications/,Yes,64,,,,2023,30/11/2025,01/12/2026
,Gort2310,35 Garratt Way,https://experience.arcgis.com/experience/a04a4638528147cfa12780e245ffdd21/,53.46246481,-2.177990716,0.131573,unknown ownership,non-permissioned,,,http://pa.manchester.gov.uk/online-applications/,,35,,,,2023,30/11/2025,01/12/2026
,Dean1904,Hotspur Press 2 Gloucester Street (STUDENT),https://experience.arcgis.com/experience/a04a4638528147cfa12780e245ffdd21/,53.47355536,-2.244793066,0.296978,unknown ownership,non-permissioned,,,http://pa.manchester.gov.uk/online-applications/,Yes,241,,,,2019,30/11/2025,01/12/2026
,Anco2400,Bradford Road / Beswick Street,https://experience.arcgis.com/experience/a04a4638528147cfa12780e245ffdd21/,53.48444251,-2.21546985,0.180907,unknown ownership,non-permissioned,,,http://pa.manchester.gov.uk/online-applications/,,129,,,,2024,30/11/2025,01/12/2026
,Brook2400,Park Hotel Pub,https://experience.arcgis.com/experience/a04a4638528147cfa12780e245ffdd21/,53.40882018,-2.292590929,0.280411,unknown ownership,non-permissioned,,,http://pa.manchester.gov.uk/online-applications/,Yes,30,,,,2024,30/11/2025,01/12/2026
,Anco2401,GML Masterplan: Ashton New Road (Plot 2),https://experience.arcgis.com/experience/a04a4638528147cfa12780e245ffdd21/,53.48110206,-2.19806433,0.250819,unknown ownership,non-permissioned,,,http://pa.manchester.gov.uk/online-applications/,Yes,82,,,,2019,30/11/2025,01/12/2026
,Anco2402,GML Masterplan: Grey Mare Lane / Raglan Close / Sledmere Close (plots 5 & 6),https://experience.arcgis.com/experience/a04a4638528147cfa12780e245ffdd21/,53.48012392,-2.197095446,0.572191,unknown ownership,non-permissioned,,,http://pa.manchester.gov.uk/online-applications/,Yes,150,,,,2019,30/11/2025,01/12/2026
,Anco2403,GML Masterplan: Teardrop Site,https://experience.arcgis.com/experience/a04a4638528147cfa12780e245ffdd21/,53.47771051,-2.194372231,0.407966,unknown ownership,non-permissioned,,,http://pa.manchester.gov.uk/online-applications/,Yes,105,,,,2019,30/11/2025,01/12/2026
,Anco2404,GML Masterplan: Former Police Station site,https://experience.arcgis.com/experience/a04a4638528147cfa12780e245ffdd21/,53.47606386,-2.195449505,0.877997,unknown ownership,non-permissioned,,,http://pa.manchester.gov.uk/online-applications/,Yes,150,,,,2019,30/11/2025,01/12/2026
,Mile2403,Land at end of Rothwell Street,https://experience.arcgis.com/experience/a04a4638528147cfa12780e245ffdd21/,53.50253533,-2.177917259,0.121072,unknown ownership,non-permissioned,,,http://pa.manchester.gov.uk/online-applications/,,10,,,,2024,30/11/2025,01/12/2026
,Mile2404,Oldham Road / Rothwell Street,https://experience.arcgis.com/experience/a04a4638528147cfa12780e245ffdd21/,53.50319047,-2.178598423,0.127006,unknown ownership,non-permissioned,,,http://pa.manchester.gov.uk/online-applications/,,11,,,,2024,30/11/2025,01/12/2026
,Mile2400,Newton Silk Mill,https://experience.arcgis.com/experience/a04a4638528147cfa12780e245ffdd21/,53.50204558,-2.180824823,0.166914,unknown ownership,non-permissioned,,,http://pa.manchester.gov.uk/online-applications/,Yes,10,,,,2024,30/11/2025,01/12/2026
,Mile2401,Droylesden Road,https://experience.arcgis.com/experience/a04a4638528147cfa12780e245ffdd21/,53.50240843,-2.178625293,0.414999,unknown ownership,non-permissioned,,,http://pa.manchester.gov.uk/online-applications/,Yes,30,,,,2024,30/11/2025,01/12/2026
,Mile2402,Land off Rothwell Street,https://experience.arcgis.com/experience/a04a4638528147cfa12780e245ffdd21/,53.50290313,-2.178401229,0.198997,unknown ownership,non-permissioned,,,http://pa.manchester.gov.uk/online-applications/,Yes,12,,,,2024,30/11/2025,01/12/2026
,Dean2401,First Street South (Plot 11 Bock C) STUDENT,https://experience.arcgis.com/experience/a04a4638528147cfa12780e245ffdd21/,53.47064213,-2.245348992,0.179279,unknown ownership,non-permissioned,,,http://pa.manchester.gov.uk/online-applications/,Yes,414,,,,2024,30/11/2025,01/12/2026
,Gort2400,"Victoria Works, Sunny Brow Road, Gorton",https://experience.arcgis.com/experience/a04a4638528147cfa12780e245ffdd21/,53.46053169,-2.178404282,0.646609,unknown ownership,non-permissioned,,,http://pa.manchester.gov.uk/online-applications/,,101,,,,2024,30/11/2025,01/12/2026
,Picc2400,Store Street/Sparkle Street,https://experience.arcgis.com/experience/a04a4638528147cfa12780e245ffdd21/,53.47889081,-2.228264122,0.271098,unknown ownership,non-permissioned,,,http://pa.manchester.gov.uk/online-applications/,Yes,359,,,,2024,30/11/2025,01/12/2026
,Picc2401,Cable Street Car Park - New Cross Zone A,https://experience.arcgis.com/experience/a04a4638528147cfa12780e245ffdd21/,53.48543533,-2.232428263,0.071265,unknown ownership,non-permissioned,,,http://pa.manchester.gov.uk/online-applications/,,150,,,,2017,30/11/2025,01/12/2026
,Wood2401,"Wythenshawe Civic Centre: Brotherton House, Cornfield Road Wythenshawe",https://experience.arcgis.com/experience/a04a4638528147cfa12780e245ffdd21/,53.38098592,-2.268165348,1.743643,unknown ownership,non-permissioned,,,http://pa.manchester.gov.uk/online-applications/,Yes,185,,,,2024,30/11/2025,01/12/2026
,Wood2402,Wythenshawe Civic Centre: Old Barclays Data Centre site,https://experience.arcgis.com/experience/a04a4638528147cfa12780e245ffdd21/,53.38086229,-2.25905449,0.748884,unknown ownership,non-permissioned,,,http://pa.manchester.gov.uk/online-applications/,,229,,,,2024,30/11/2025,01/12/2026
,Anco2405,Land At Old Mill Street,https://experience.arcgis.com/experience/a04a4638528147cfa12780e245ffdd21/,53.48253737,-2.220161637,0.114769,unknown ownership,non-permissioned,,,http://pa.manchester.gov.uk/online-applications/,Yes,40,,,,2024,30/11/2025,01/12/2026
,Chee2400,Trinity Point,https://experience.arcgis.com/experience/a04a4638528147cfa12780e245ffdd21/,53.48971941,-2.243137123,1.044114,unknown ownership,non-permissioned,,,http://pa.manchester.gov.uk/online-applications/,,1100,,,,2024,30/11/2025,01/12/2026
,High2400,20 French Barn Lane,https://experience.arcgis.com/experience/a04a4638528147cfa12780e245ffdd21/,53.52563881,-2.219163341,0.354273,unknown ownership,non-permissioned,,,http://pa.manchester.gov.uk/online-applications/,Yes,13,,,,2024,30/11/2025,01/12/2026
,Anco2411,GML Masterplan: Leisure Centre car park,https://experience.arcgis.com/experience/a04a4638528147cfa12780e245ffdd21/,53.47705201,-2.195800572,0.532491,unknown ownership,non-permissioned,,,http://pa.manchester.gov.uk/online-applications/,,118,,,,2024,30/11/2025,01/12/2026
,Anco2412,GML Masterplan: Grey Mare Lane & Newcombe Close,https://experience.arcgis.com/experience/a04a4638528147cfa12780e245ffdd21/,53.48055392,-2.197971375,0.379678,unknown ownership,non-permissioned,,,http://pa.manchester.gov.uk/online-applications/,,66,,,,2024,30/11/2025,01/12/2026
,Fall_Cap_400,2 Wilbraham Road,https://experience.arcgis.com/experience/a04a4638528147cfa12780e245ffdd21/,53.4430062,-2.220228839,0.125282,unknown ownership,non-permissioned,,,http://pa.manchester.gov.uk/online-applications/,,10,,,,2017,30/11/2025,01/12/2026
,Ardw2401,Victoria Point 44 Hathersage Road (STUDENT),https://experience.arcgis.com/experience/a04a4638528147cfa12780e245ffdd21/,53.46069287,-2.216841062,1.29251,unknown ownership,non-permissioned,,,http://pa.manchester.gov.uk/online-applications/,Yes,518,,,,2024,30/11/2025,01/12/2026
,Anco2003,Bowlers Yard (Munday Street / Pollard Street),https://experience.arcgis.com/experience/a04a4638528147cfa12780e245ffdd21/,53.48142619,-2.218317569,0.08898,unknown ownership,non-permissioned,,,http://pa.manchester.gov.uk/online-applications/,,62,,,,2020,30/11/2025,01/12/2026
,Picc2403,"Weston Hall and Pendulum Hotel, Sackville Street (STUDENT)",https://experience.arcgis.com/experience/a04a4638528147cfa12780e245ffdd21/,53.47411333,-2.235410015,0.681738,unknown ownership,non-permissioned,,,http://pa.manchester.gov.uk/online-applications/,Yes,625,,,,2024,30/11/2025,01/12/2026
,Burn2400,Burnage Library,https://experience.arcgis.com/experience/a04a4638528147cfa12780e245ffdd21/,53.42990856,-2.200670609,0.11856,unknown ownership,non-permissioned,,,http://pa.manchester.gov.uk/online-applications/,,15,,,,2024,30/11/2025,01/12/2026
,Wood2403,Wythenshawe Civic Centre: Alpha House,https://experience.arcgis.com/experience/a04a4638528147cfa12780e245ffdd21/,53.37942276,-2.259676982,0.376869,unknown ownership,non-permissioned,,,http://pa.manchester.gov.uk/online-applications/,Yes,120,,,,2023,30/11/2025,01/12/2026
,Anco2415,Ashton Old Road / Lime Bank Street,https://experience.arcgis.com/experience/a04a4638528147cfa12780e245ffdd21/,53.47545948,-2.21247149,0.976389,unknown ownership,non-permissioned,,,http://pa.manchester.gov.uk/online-applications/,,44,,,,2024,30/11/2025,01/12/2026
,Ardw2500,"Former Renshaw House, Hyde Grove (STUDENT)",https://experience.arcgis.com/experience/a04a4638528147cfa12780e245ffdd21/,53.46392736,-2.222475665,0.096044,unknown ownership,non-permissioned,,,http://pa.manchester.gov.uk/online-applications/,Yes,76,,,,2025,30/11/2025,01/12/2026
,Wood2500,"Mountain Ash Pub, Portway",https://experience.arcgis.com/experience/a04a4638528147cfa12780e245ffdd21/,53.37638327,-2.280101067,0.224369,unknown ownership,non-permissioned,,,http://pa.manchester.gov.uk/online-applications/,Yes,20,,,,2025,30/11/2025,01/12/2026
,Long2502,Mellands Centre,https://experience.arcgis.com/experience/a04a4638528147cfa12780e245ffdd21/,53.45352658,-2.180528131,0.13346,unknown ownership,non-permissioned,,,http://pa.manchester.gov.uk/online-applications/,Yes,12,,,,2025,30/11/2025,01/12/2026
,Dean2500,2 (Wrendal House) - 4 Whitworth Street West,https://experience.arcgis.com/experience/a04a4638528147cfa12780e245ffdd21/,53.4741833,-2.249783662,0.114206,unknown ownership,non-permissioned,,,http://pa.manchester.gov.uk/online-applications/,Yes,364,,,,2025,30/11/2025,01/12/2026
,Dean2501,Deansgate Station,https://experience.arcgis.com/experience/a04a4638528147cfa12780e245ffdd21/,53.47421756,-2.250597455,0.037899,unknown ownership,non-permissioned,,,http://pa.manchester.gov.uk/online-applications/,,317,,,,2025,30/11/2025,01/12/2026
,CC_Cap_711,10-12 Whitworth St West,https://experience.arcgis.com/experience/a04a4638528147cfa12780e245ffdd21/,53.47413126,-2.248864302,0.094475,unknown ownership,non-permissioned,,,http://pa.manchester.gov.uk/online-applications/,,300,,,,2020,30/11/2025,01/12/2026
,Picc2500,"Particular Baptist Church, Rochdale Road",https://experience.arcgis.com/experience/a04a4638528147cfa12780e245ffdd21/,53.48764338,-2.234007631,0.071734,unknown ownership,non-permissioned,,,http://pa.manchester.gov.uk/online-applications/,Yes,133,,,,2025,30/11/2025,01/12/2026
,Gort2500,Site Of Former Bandstand Public House 1077 Hyde Road,https://experience.arcgis.com/experience/a04a4638528147cfa12780e245ffdd21/,53.46028593,-2.161700762,0.630566,unknown ownership,non-permissioned,,,http://pa.manchester.gov.uk/online-applications/,Yes,50,,,,2025,30/11/2025,01/12/2026
,DidsW2500,232 - 236 Palatine Road,https://experience.arcgis.com/experience/a04a4638528147cfa12780e245ffdd21/,53.41533653,-2.248762965,0.593915,unknown ownership,non-permissioned,,,http://pa.manchester.gov.uk/online-applications/,,35,,,,2025,30/11/2025,01/12/2026
,Dean2502,Plot 9B First Street (STUDENT),https://experience.arcgis.com/experience/a04a4638528147cfa12780e245ffdd21/,53.47157465,-2.246439026,0.304313,unknown ownership,non-permissioned,,,http://pa.manchester.gov.uk/online-applications/,Yes,861,,,,2025,30/11/2025,01/12/2026
,Chee2501,Great Ducie Street SRF - Kick Air (Rajan House),https://experience.arcgis.com/experience/a04a4638528147cfa12780e245ffdd21/,53.48892916,-2.247156561,1.099383,unknown ownership,non-permissioned,,,http://pa.manchester.gov.uk/online-applications/,,1500,,,,2020,30/11/2025,01/12/2026
,Chee2503,Great Ducie Street SRF - Southall Street / Great Ducie Street,https://experience.arcgis.com/experience/a04a4638528147cfa12780e245ffdd21/,53.49092467,-2.247122944,0.13948,unknown ownership,non-permissioned,,,http://pa.manchester.gov.uk/online-applications/,,500,,,,2025,30/11/2025,01/12/2026
,Ardw2501,"Maple Industrial Estate, Hyde Road",https://experience.arcgis.com/experience/a04a4638528147cfa12780e245ffdd21/,53.46878236,-2.211790517,3.458013,unknown ownership,non-permissioned,,,http://pa.manchester.gov.uk/online-applications/,,516,,,,2025,30/11/2025,01/12/2026
,Dean2503,"The Equitable Building, St Ann Street",https://experience.arcgis.com/experience/a04a4638528147cfa12780e245ffdd21/,53.48205503,-2.246273039,0.092962,unknown ownership,non-permissioned,,,http://pa.manchester.gov.uk/online-applications/,Yes,12,,,,2025,30/11/2025,01/12/2026
,Harp2500,Land Next To Blackley Conservative Club And At Junction With Middleton Old Road & Old Market Street,https://experience.arcgis.com/experience/a04a4638528147cfa12780e245ffdd21/,53.52245256,-2.216612869,0.186003,unknown ownership,non-permissioned,,,http://pa.manchester.gov.uk/online-applications/,Yes,30,,,,2025,30/11/2025,01/12/2026
,Burn1900,Graphic House 308 Moseley Road Levenshulme,https://experience.arcgis.com/experience/a04a4638528147cfa12780e245ffdd21/,53.44292557,-2.199708332,0.085364,unknown ownership,non-permissioned,,,http://pa.manchester.gov.uk/online-applications/,,14,,,,2017,30/11/2025,01/12/2026
,North2001,Tatton Arms Boat Lane Northenden,https://experience.arcgis.com/experience/a04a4638528147cfa12780e245ffdd21/,53.40827223,-2.252934183,0.658777,unknown ownership,non-permissioned,,,http://pa.manchester.gov.uk/online-applications/,,28,,,,2020,30/11/2025,01/12/2026
,Hulme1900,Gallery Gardens - Manchester Gardens,https://experience.arcgis.com/experience/a04a4638528147cfa12780e245ffdd21/,53.47097396,-2.262706187,0.375061,unknown ownership,non-permissioned,,,http://pa.manchester.gov.uk/online-applications/,,366,,,,2019,30/11/2025,01/12/2026
,Picc2502,56 Shudehill Manchester M4 4AA,https://experience.arcgis.com/experience/a04a4638528147cfa12780e245ffdd21/,53.48527261,-2.237460635,0.031785,unknown ownership,non-permissioned,,,http://pa.manchester.gov.uk/online-applications/,,10,,,,2019,30/11/2025,01/12/2026
,Anco_Cap_708,Riverpark Trading Estate,https://experience.arcgis.com/experience/a04a4638528147cfa12780e245ffdd21/,53.49173449,-2.193140023,6.49641,unknown ownership,non-permissioned,,,http://pa.manchester.gov.uk/online-applications/,,498,,,,2017,30/11/2025,01/12/2026
,Chee_Cap_083,No 1 Lord Street (Block 10 Lord St / Cheetham Hill Road),https://experience.arcgis.com/experience/a04a4638528147cfa12780e245ffdd21/,53.49135162,-2.240523942,0.16428,unknown ownership,non-permissioned,,,http://pa.manchester.gov.uk/online-applications/,Yes,192,,,,2017,30/11/2025,01/12/2026
,Wood2501,Wythenshawe Civic Centre: BP Petrol Station site,https://experience.arcgis.com/experience/a04a4638528147cfa12780e245ffdd21/,53.37822388,-2.261232951,0.385362,unknown ownership,non-permissioned,,,http://pa.manchester.gov.uk/online-applications/,,115,,,,2017,30/11/2025,01/12/2026
,Hulme2500,Cambridge Halls redevelopment (STUDENT),https://experience.arcgis.com/experience/a04a4638528147cfa12780e245ffdd21/,53.46924149,-2.240158765,0.843682,unknown ownership,non-permissioned,,,http://pa.manchester.gov.uk/online-applications/,Yes,1080,,,,2025,30/11/2025,01/12/2026
,Gort2501,"Police Station Site, Garratt Way, Gorton",https://experience.arcgis.com/experience/a04a4638528147cfa12780e245ffdd21/,53.46244855,-2.176845963,0.068024,unknown ownership,non-permissioned,,,http://pa.manchester.gov.uk/online-applications/,,16,,,,2025,30/11/2025,01/12/2026
,Gort2502,"Petrol Station, Thornbury Way/Garratt Way, Gorton",https://experience.arcgis.com/experience/a04a4638528147cfa12780e245ffdd21/,53.4625178,-2.178623529,0.313505,unknown ownership,non-permissioned,,,http://pa.manchester.gov.uk/online-applications/,,22,,,,2025,30/11/2025,01/12/2026
,Gort2504,"Land adjacent to Tesco, Gorton",https://experience.arcgis.com/experience/a04a4638528147cfa12780e245ffdd21/,53.46228963,-2.174902354,0.195196,unknown ownership,non-permissioned,,,http://pa.manchester.gov.uk/online-applications/,,14,,,,2025,30/11/2025,01/12/2026
,Gort2505,"Former Gorton Medical Centre, Garratt Way",https://experience.arcgis.com/experience/a04a4638528147cfa12780e245ffdd21/,53.46293241,-2.171742031,0.039147,unknown ownership,non-permissioned,,,http://pa.manchester.gov.uk/online-applications/,,12,,,,2025,30/11/2025,01/12/2026
,Gort2506,"Moon Carpets, Cross Lane, Gorton",https://experience.arcgis.com/experience/a04a4638528147cfa12780e245ffdd21/,53.4633657,-2.170463521,0.215524,unknown ownership,non-permissioned,,,http://pa.manchester.gov.uk/online-applications/,,30,,,,2025,30/11/2025,01/12/2026
,Mile_Cap_800,"Apollo Pub, Varley Street",https://experience.arcgis.com/experience/a04a4638528147cfa12780e245ffdd21/,53.49304475,-2.215302351,0.123287,unknown ownership,non-permissioned,,,http://pa.manchester.gov.uk/online-applications/,Yes,32,,,,2017,30/11/2025,01/12/2026
,Clay2500,Clayton Canalside Phase 1,https://experience.arcgis.com/experience/a04a4638528147cfa12780e245ffdd21/,53.48106627,-2.175024881,7.224316,unknown ownership,non-permissioned,,,http://pa.manchester.gov.uk/online-applications/,,500,,,,2017,30/11/2025,01/12/2026
,Gort2507,"Land off Chapman Street, Gorton",https://experience.arcgis.com/experience/a04a4638528147cfa12780e245ffdd21/,53.46351076,-2.169590507,0.164083,unknown ownership,non-permissioned,,,http://pa.manchester.gov.uk/online-applications/,Yes,34,,,,2025,30/11/2025,01/12/2026
,North2500,460 Palatine Road,https://experience.arcgis.com/experience/a04a4638528147cfa12780e245ffdd21/,53.40697983,-2.264629749,0.188456,unknown ownership,non-permissioned,,,http://pa.manchester.gov.uk/online-applications/,,78,,,,2025,30/11/2025,01/12/2026
,Wood2502,Wythenshawe Civic Centre: Gala Bingo site,https://experience.arcgis.com/experience/a04a4638528147cfa12780e245ffdd21/,53.37891902,-2.259854258,0.37085,unknown ownership,non-permissioned,,,http://pa.manchester.gov.uk/online-applications/,Yes,120,,,,2025,30/11/2025,01/12/2026
,Hulme2501,"McDougall Centre, Burlington Street (STUDENT)",https://experience.arcgis.com/experience/a04a4638528147cfa12780e245ffdd21/,53.46364576,-2.238108989,0.269432,unknown ownership,non-permissioned,,,http://pa.manchester.gov.uk/online-applications/,,250,,,,2025,30/11/2025,01/12/2026
,Ardw2502,Whitworth Park Halls (STUDENT),https://experience.arcgis.com/experience/a04a4638528147cfa12780e245ffdd21/,53.46162827,-2.23098858,3.129052,unknown ownership,non-permissioned,,,http://pa.manchester.gov.uk/online-applications/,,521,,,,2025,30/11/2025,01/12/2026
,Dean2505,New Medlock House (STUDENT),https://experience.arcgis.com/experience/a04a4638528147cfa12780e245ffdd21/,53.47092506,-2.24322639,0.49538,unknown ownership,non-permissioned,,,http://pa.manchester.gov.uk/online-applications/,,417,,,,2025,30/11/2025,01/12/2026
,Dean2506,John Dalton East (STUDENT),https://experience.arcgis.com/experience/a04a4638528147cfa12780e245ffdd21/,53.47204761,-2.239210223,0.185688,unknown ownership,non-permissioned,,,http://pa.manchester.gov.uk/online-applications/,,208,,,,2025,30/11/2025,01/12/2026
,Picc2501,Charles Street Car Park (STUDENT),https://experience.arcgis.com/experience/a04a4638528147cfa12780e245ffdd21/,53.47459776,-2.235879716,0.320987,unknown ownership,non-permissioned,,,http://pa.manchester.gov.uk/online-applications/,Yes,417,,,,2025,30/11/2025,01/12/2026
,Chee2500,Land At 33 - 41 Cheetham Hill Road Manchester M4 4FT,https://experience.arcgis.com/experience/a04a4638528147cfa12780e245ffdd21/,53.49108904,-2.241471977,0.123061,unknown ownership,non-permissioned,,,http://pa.manchester.gov.uk/online-applications/,,237,,,,2025,30/11/2025,01/12/2026
,Picc2503,Mayfield - Phase 3 Hoyle Street East,https://experience.arcgis.com/experience/a04a4638528147cfa12780e245ffdd21/,53.47410235,-2.222302649,1.13454,unknown ownership,non-permissioned,,,http://pa.manchester.gov.uk/online-applications/,,600,,,,2017,30/11/2025,01/12/2026
,Picc2504,Diecast (East Village Central Framework),https://experience.arcgis.com/experience/a04a4638528147cfa12780e245ffdd21/,53.48025959,-2.226930407,1.177693,unknown ownership,non-permissioned,,,http://pa.manchester.gov.uk/online-applications/,,1400,,,,2025,30/11/2025,01/12/2026
,Harp_Cap_026,Sedgeford Road,https://experience.arcgis.com/experience/a04a4638528147cfa12780e245ffdd21/,53.50006837,-2.213272606,0.140182,unknown ownership,non-permissioned,,,http://pa.manchester.gov.uk/online-applications/,Yes,9,,,,2017,30/11/2025,01/12/2026
,High_Cap_010,West of Riverdale Road,https://experience.arcgis.com/experience/a04a4638528147cfa12780e245ffdd21/,53.52736334,-2.234045921,0.178003,unknown ownership,non-permissioned,,,http://pa.manchester.gov.uk/online-applications/,,10,,,,2022,30/11/2025,01/12/2026
,Gort_N_Cap_700,"Former Peacock Centre, off Gorton Lane",https://experience.arcgis.com/experience/a04a4638528147cfa12780e245ffdd21/,53.4659891,-2.177433167,0.829884,unknown ownership,non-permissioned,,,http://pa.manchester.gov.uk/online-applications/,Yes,49,,,,2017,30/11/2025,01/12/2026
,Mile_Cap_701,Collyhurst South (Victoria North),https://experience.arcgis.com/experience/a04a4638528147cfa12780e245ffdd21/,53.49430921,-2.221790055,6.937504,unknown ownership,non-permissioned,,,http://pa.manchester.gov.uk/online-applications/,,844,,,,2017,30/11/2025,01/12/2026
,Brad_Cap_800,Holt Town,https://experience.arcgis.com/experience/a04a4638528147cfa12780e245ffdd21/,53.48555617,-2.210954567,19.645447,unknown ownership,non-permissioned,,,http://pa.manchester.gov.uk/online-applications/,Yes,3210,,,,2017,30/11/2025,01/12/2026
,Char_Cap_900,"Broadmoss Drive sites, Charlestown",https://experience.arcgis.com/experience/a04a4638528147cfa12780e245ffdd21/,53.527952,-2.191162475,1.335294,unknown ownership,non-permissioned,,,http://pa.manchester.gov.uk/online-applications/,Yes,76,,,,2017,30/11/2025,01/12/2026
,Harp2101,Kilnside Drive / Windrush Drive,https://experience.arcgis.com/experience/a04a4638528147cfa12780e245ffdd21/,53.50670014,-2.214210468,0.230083,unknown ownership,non-permissioned,,,http://pa.manchester.gov.uk/online-applications/,,8,,,,2025,30/11/2025,01/12/2026
,Mile2200,Varley Street / Rosewell Avenue,https://experience.arcgis.com/experience/a04a4638528147cfa12780e245ffdd21/,53.49344234,-2.214143777,0.880069,unknown ownership,non-permissioned,,,http://pa.manchester.gov.uk/online-applications/,,57,,,,2017,30/11/2025,01/12/2026
,Gort2302,"Gorton District Centre Framework: KFC, Garratt Way",https://experience.arcgis.com/experience/a04a4638528147cfa12780e245ffdd21/,53.46233114,-2.177222012,0.184794,unknown ownership,non-permissioned,,,http://pa.manchester.gov.uk/online-applications/,,15,,,,2025,30/11/2025,01/12/2026
,Gort2303,"Gorton District Centre Framework: Gymnastics Centre, Garratt Way",https://experience.arcgis.com/experience/a04a4638528147cfa12780e245ffdd21/,53.46301842,-2.174408327,0.623717,unknown ownership,non-permissioned,,,http://pa.manchester.gov.uk/online-applications/,,79,,,,2023,30/11/2025,01/12/2026
,Harp_Cap_702,Princedom Street sites,https://experience.arcgis.com/experience/a04a4638528147cfa12780e245ffdd21/,53.51293354,-2.206611628,0.156391,unknown ownership,non-permissioned,,,http://pa.manchester.gov.uk/online-applications/,Yes,10,,,,2025,30/11/2025,01/12/2026
,Burn2300,Burnage Cricket Club,https://experience.arcgis.com/experience/a04a4638528147cfa12780e245ffdd21/,53.43290972,-2.206524759,0.423981,unknown ownership,non-permissioned,,,http://pa.manchester.gov.uk/online-applications/,Yes,29,,,,2023,30/11/2025,01/12/2026
,Anco2409,GML Masterplan: Alan Turing Way / Willow Street,https://experience.arcgis.com/experience/a04a4638528147cfa12780e245ffdd21/,53.47986745,-2.194547813,0.08291,unknown ownership,non-permissioned,,,http://pa.manchester.gov.uk/online-applications/,,23,,,,2024,30/11/2025,01/12/2026
,Gort2503,"Pineapple pub site & land to west, Taylor Street/Garratt Way, Gorton",https://experience.arcgis.com/experience/a04a4638528147cfa12780e245ffdd21/,53.46316502,-2.178581079,0.205455,unknown ownership,non-permissioned,,,http://pa.manchester.gov.uk/online-applications/,,14,,,,2025,30/11/2025,01/12/2026
,Char2500,Hall Moss Road,https://experience.arcgis.com/experience/a04a4638528147cfa12780e245ffdd21/,53.52742304,-2.195866518,0.261271,unknown ownership,non-permissioned,,,http://pa.manchester.gov.uk/online-applications/,,9,,,,2025,30/11/2025,01/12/2026
,Most2500,"Ashley Lane, Moston",https://experience.arcgis.com/experience/a04a4638528147cfa12780e245ffdd21/,53.50885947,-2.197379218,0.261728,unknown ownership,non-permissioned,,,http://pa.manchester.gov.uk/online-applications/,,7,,,,2025,30/11/2025,01/12/2026
,Harp_Cap_017,Land At Church Lane,https://experience.arcgis.com/experience/a04a4638528147cfa12780e245ffdd21/,53.50927429,-2.207166843,0.325709,unknown ownership,non-permissioned,,,http://pa.manchester.gov.uk/online-applications/,Yes,13,,,,2023,30/11/2025,01/12/2026
,Ardw_Cap_108,Coverdale Crescent,https://experience.arcgis.com/experience/a04a4638528147cfa12780e245ffdd21/,53.46841767,-2.214696016,0.109023,unknown ownership,non-permissioned,,,http://pa.manchester.gov.uk/online-applications/,,5,,,,2024,30/11/2025,01/12/2026
,Mile_Cap_081,Millwright Street/May Street,https://experience.arcgis.com/experience/a04a4638528147cfa12780e245ffdd21/,53.5002931,-2.180651552,0.763133,unknown ownership,non-permissioned,,,http://pa.manchester.gov.uk/online-applications/,,35,,,,2017,30/11/2025,01/12/2026
,Harp_Cap_502,Collyhurst Village (Victoria North),https://experience.arcgis.com/experience/a04a4638528147cfa12780e245ffdd21/,53.49772432,-2.217180114,14.931909,unknown ownership,non-permissioned,,,http://pa.manchester.gov.uk/online-applications/,Yes,990,,,,2017,30/11/2025,01/12/2026
,Harp_Cap_1000,Vauxhall Gardens/Sandhills (Victoria North),https://experience.arcgis.com/experience/a04a4638528147cfa12780e245ffdd21/,53.49375198,-2.22653503,6.99219,unknown ownership,non-permissioned,,,http://pa.manchester.gov.uk/online-applications/,,1250,,,,2022,30/11/2025,01/12/2026
,Anco2414,GML Masterplan: Grey Mare Lane & Albert Street,https://experience.arcgis.com/experience/a04a4638528147cfa12780e245ffdd21/,53.47930578,-2.197212203,0.124501,unknown ownership,non-permissioned,,,http://pa.manchester.gov.uk/online-applications/,,35,,,,2024,30/11/2025,01/12/2026
,Anco2416,Land between Lime Bank Street & railway line,https://experience.arcgis.com/experience/a04a4638528147cfa12780e245ffdd21/,53.47598254,-2.21149478,0.875941,unknown ownership,non-permissioned,,,http://pa.manchester.gov.uk/online-applications/,,40,,,,2025,30/11/2025,01/12/2026
